{"mean": {"Mileage": 44570.123988921194, "City MPG": 24.37099168676891, "Highway MPG": 33.79456426033144, "seller_reviews_count": 977.9281393394056, "seller_rateing": 36.593912633552065, "Engine displacement": 35.861792735236094}, "std": {"Mileage": 35083.07291844544, "City MPG": 14.752241467189284, "Highway MPG": 27.495062756982968, "seller_reviews_count": 1706.9346614309356, "seller_rateing": 13.477392156121761, "Engine displacement": 243.8210259126471}}